text,label,notes
"This is beautiful. You perfectly worded my thoughts. So much harder than I ever could have anticipated, but so much better than I ever could have imagined.",support,
"After the potty training phase you might run into the withholding poop phase! Neat!",advice,
"So basically it's a never ending torment but we love them more than anything.",support,
"Amen. We all have 24 hours but they are not the same.",support,
"My former business partner recently had his first baby. He texted my wife to apologize for thinking we used the kids as an excuse to not do things. He said, 'I only have one newborn and you had 4 whole kids at the same time. I don't even know.'",experience,
"I just had one of the worst days with my almost 1 year old. Skipped the nap, teething, almost walking, meltdowns and tantrums, fighting sleep at every corner. I just broke down and cried.",experience,
"It gets incrementally easier every day. Think back to the second month with a newborn and compare it to now. It will get easier.",advice,"borderline advice/support"
"7 months old and I feel you.",support,
"It's a really difficult age. My son is 19 months now and it's so much easier and fun.",experience,
"I know it's so cliche, but it does get better. What helps is finding something I loved about each stage.",advice,"borderline advice/support"
"It really is the hardest job with the worst hours and zero pay.",support,
"It's paid in kisses and hugs, sometimes when you're already overstimulated.",support,
"It does get a little better once they're older and don't require constant supervision. Then we had another baby and now we're back to square one.",experience,
"Tf is me time?",support,
"I used to think lots of noises around me all the time didn't bother me. Then I had kids and I am overstimulated all the time.",experience,
"It's the driving with no radio, podcast, nothing going on. I don't even notice for a good 10 minutes sometimes.",experience,
"100% this. My AuADHD would replay the same sounds and songs over and over again.",experience,
"Me time? I guess that's the time I'm supposed to be sleeping. I tucked my kids in bed and now I'm playing video games before bed.",experience,
"I'm a full-time single dad to a now 12 year old. I've been raising her by myself since she was 1.",experience,
"Just checking in as another 100% solo parent. I'll never regret it. DM me if you ever need a pep talk.",support,
"There are some threshold events in life that cannot be truly understood until they're experienced. Parenting is probably the most universally common.",advice,
"Same thoughts about patience. I definitely am way more short and snappy than I ever thought.",experience,
"I realized how much I love kids, but hate motherhood and being a parent. After 15 years of taking care of other people's kids I felt wholly inexperienced.",experience,
"You are aware of this which means you have more patience than you're giving yourself credit for. Give yourself some grace. You're doing good.",support,
"Yeah and I'm wasting that time on Reddit. Worse, I'm doing the no-screens parenting thing.",experience,
"It's wild. Nobody really understands until they experience it. Your whole world changes.",support,
"Single dad with two kids. It's good on good days, but on bad days it's hard.",experience,
"Hubby said, 'Let's have two! It will be more fun.'",experience,
"100%",support,
"It's even harder for parents with special needs children.",support,
"I have lots of childless friends and I have to grin and bear it when I listen to them talk about their busy lives.",experience,
"Counterpoint: Destroy, dismantle, engulf in flames. Cool idea!",support,
"If that's the Jason Mantzoukas quote, we haven't hit that season yet.",experience,
"Jason Mantzoukas and Rhod Gilbert are the two contestants that I genuinely thought would burn down all the sets.",experience,
"My 7 year old kid would absolutely bring Jason and Rhod energy to any tasks I gave him.",experience,
"Get off the roof!",support,
"100% stealing this idea. I will be blowing a whistle to start.",advice,
"My 8yo had a Taskmaster themed birthday party this year. I didn't think to apply it to chores but that's a great idea.",experience,
"Ooh, that's a good idea too.",support,
"I can't believe that I got this info for free lol",support,
"The fun thing about kids is they constantly challenge you to create new ways to entertain them. What works today might never work again.",advice,
"I need to try this but with the junior version.",advice,
"There's a lot of cussing but I tell my kids the British TV guys are trying to use bad words and you should not normally speak like that.",experience,
"There's a censored version called Taskmaster Bleeped.",advice,
"Genius",support,
"Okay but how do you solve the first task with the egg buckets? This sounds so fun!",advice,
"Everything you need is written on the task.",advice,
"You can move the bucket, just can't touch it. Get a stick and bring it over to the eggs.",advice,
"That's what they ended up doing.",experience,
"This is an amazing idea. We're obsessed with Taskmaster but only have a toddler.",experience,
"The crossover I didn't know I needed!",support,
"You are a genius!",support,
"Just don't watch New Zealand season 2 in front of kids unless they are well aware of appropriate cursing.",advice,
"Genius. I just discovered Taskmaster and am obsessed.",experience,
"Is this something that could help pre-teens or teens?",advice,
"My kids are 8. I doubt teenage me would have suddenly started cleaning the house because my parents gave me a cute piece of paper.",experience,
"Not sure what Taskmaster is but sounds like a useful show.",experience,
"The best show that was ever made. Go seek it out on YouTube.",advice,
"This is so perfect. We've been binging Taskmaster the last few months.",experience,
"My kids love a similar show called Mark Rober. I know a lot of parents are anti-screen but sometimes I just need it.",experience,
"I'm assuming you mean Mark Rober.",support,
"Yes. Good catch.",support,
"My oldest slept in the box our new toilet came in for a week when she was 4. As long as she was sleeping, I didn’t care. Cheap entertainment.",experience,
"For our twins’ first birthday, my brother got them each an empty box. They played with those as much as the toys.",experience,
"My nephew ignored the other toys and only wanted to play with the box. At 12 and 9 they still get more mileage out of boxes than most toys.",experience,
"Our kid has been sleeping on a rug for the last year. We do not care. He sleeps through the night.",experience,
"I still prefer sleeping on the rug at age 30.",experience,
"Kids are just hairless cats that slowly learn to talk.",support,
"I remember my son playing in the toilet box when he was really little.",experience,
"My kids are 13 and 10. Still obsessed with boxes.",experience,
"My then eight year old slept on the box our Ikea couch came in for like a month.",experience,
"My son once asked for an empty box for Christmas and you bet I got him that.",experience,
"Kids like using their imagination. Boxes allow for a feeling of safety, protection, or security.",advice,
"It’s a very good thing. Who needs an iPad?",support,
"I still fondly remember the empty fridge box I had as a child.",experience,
"I think it’s because a box has the freedom and creativity to be whatever they want it to be.",advice,
"We got a new appliance and I asked the neighbors if they’d like the box and they said no.",experience,
"My kids would have been ecstatic.",experience,
"My children use boxes for box sledding in our backyard down the hill.",experience,
"This sounds awesome. I’ve got a big hill by my house and we get lots of good boxes. I will be trying this asap.",advice,
"They go surprisingly fast and have tons of fun.",experience,
"My daughter is 12 and would still go nuts over a refrigerator box.",experience,
"When my son was 10 our neighbor threw out their giant Home Depot skeleton box. He lived in that box for 3 weeks.",experience,
"My favorite book as a child was Christina Katerina and the Box. You should consider buying it.",advice,
"I loved that book and hunted it down for my own kids.",experience,
"I don’t remember what I got my daughter for Christmas, but she only cared about the box.",experience,
"I made my kid a playhouse out of a big box when she was 3. She played in that way more than the actual play house.",experience,
"Kids can be so great.",support,
"I grew up next door to an appliance store. At one point we had four refrigerator boxes as a fort in our yard.",experience,
"I miss these days with everything I have. Mine turned one into a cave, a spaceship, and a hideout.",experience,
"I’m 42, and I still love the possibilities presented by a giant box. My 8-year-old and I still play with them.",experience,
"Does your kid watch Bluey? This sounds like the episode Flat Pack.",advice,
"The Heeler family got us through some rough sick and rainy days when he was a toddler.",experience,
"I remember when our fridge was replaced and I spent about three full weeks in that thing as a 5 year old.",experience,
"When I was a kid, my parents got a dining set and my brother and I played in the box for two weeks.",experience,
"If you go to the local appliance shop, they may save big boxes on truck day for you.",advice,
"Look up the Vevor fort making kit. My kids love these things and it keeps them busy for hours.",advice,
"One of my earliest memories is living in a massive lawn mower box until it fell apart.",experience,
"I loved playing in the refrigerator box and sliding down the hill when it fell apart.",experience,
"Ours voluntarily lived in a box for a week or so during Covid.",experience,
"My brother and I turned a fridge box into a tank.",experience,
"My cousins and I built an entire box town. Imagination play really is the best.",experience,
"I had a refrigerator box in my room as a kid and would read for hours.",experience,
"My 4 year old got an IKEA cardboard spaceship and it is still set up in my kitchen 6 months later.",experience,
"It sounds like he’s a healthy child. It’s a safe spot.",support,
"Look up MakeDo. It’s a set of cardboard tools and they are great.",advice,
"I loved big boxes as a kid.",experience,
"If you want to level up and have the space, go to Home Depot and get moving boxes and make a whole box fort.",advice,
"We made a Sherman tank for the cat during Spring 2020.",experience,
"My kid is 10 and still brings home boxes and builds giant forts in our basement.",experience,
"There was a year where I had at least one large box in my house being used as a clubhouse.",experience,
"I remember living in a refrigerator box when I was a kid for about a week.",experience,
"It was just time for him to get his own place.",support,
"My 7 year old keeps the box in his room and calls it my house in the house.",experience,
"This is why my husband and I buy experiences and not toys.",advice,
"Mine slept in a refrigerator box for three months next to her perfectly serviceable bed.",experience,
"We got our son a comfortable bed in his favorite color and he still gets up to sleep on his rug.",experience,
"If I were a little kid I would have loved to camp out in a refrigerator box.",experience,
"When my daughter was this age we got the MakeDo cardboard tools and it took cardboard building to a whole new level.",advice,
"This is excellent. Kids are doing exactly what kids should do, using imagination without a screen.",support,
"You know what you are getting? A book. That is how our five year old ended up reading fifth grade level books independently.",advice,
"There’s a Pete the Cat book about the box and all the adventures Pete has with his box.",advice,
"We love a huge box in our house. Any box goes through the kids for a couple of days before recycling.",experience,
"Mine loved our fridge box so much I reinforced the edges with timber as it wore out.",experience,
"I still haven’t trashed the microwave box because both the cats and my boys are having so much fun with it.",experience,
"Check out the book Not a Box. One of our favorite bedtime stories now.",advice,
"I still remember my days in a refrigerator box when I was young. It was a great time.",experience,
"My kids have always done this with big boxes. They are obsessed with cardboard and make all kinds of things.",experience,
"We currently have 3 giant boxes in our house: a spaceship, a store, and a secret fort.",experience,
"My youngest slept in a Weber Grill box for years.",experience,
"Hey if they are sleeping the whole night, a win is a win.",support,
"My kid loved rocks. Boxes sound like so much more fun.",experience,
"Introducing: a box! Want to draw on walls, have a cave, fill it with toys, and kick it down Godzilla style?",support,
"I was a parent of a box troll named Bissell. My kid loved the vacuum box.",experience,
"We went camping and my son became infatuated with a big box from the camp store.",experience,
"Can we buy those boxes? Nothing makes kids happier than a fridge box.",advice,
"My grandma lived near a furniture store and we played with boxes until they fell apart.",experience,
"One of the nicest kids parties we went to had giant boxes with paint to decorate them.",experience,
"My boys made a puppet theatre out of an appliance box and had a blast decorating it.",experience,
"They are using their imagination instead of a screen. Celebrate.",support,
"They want somewhere to be alone and cozy.",advice,
"One of my fondest childhood memories was turning a fridge box into a house with my sister.",experience,
"Read them Calvin and Hobbes for bedtime story.",advice,
"We decided our son was a cat a few years ago. We haven’t been proven wrong yet.",experience,
"Kids who live in boxes think they were cats in another life.",support,
"I’ve had a box in my living room for like two months. I love it.",experience,
"When I babysat my nieces we had a refrigerator box they played in for months.",experience,
"You should get him a fort building kit.",advice,
"As long as he’s entertained does it really matter?",support,
"We walked home with a fridge box and the kids played with it in the living room for months.",experience,
"As a kid my dad would get clean boxes from the appliance store and we lived in those things until they fell apart.",experience,
"A delivery arrived at work in a huge box. After I emptied it, I climbed inside. I’m 52.",experience,
"This is awesome.",support,
"We had a cardboard box house in our living room for 2 years.",experience,
"My then-6 year old set boxes up in his bedroom as a giant box fort maze and slept in there.",experience,
"I would encourage your daughter to reflect positively on what happened. It sounds like she did a great job for her age and the environment. She didn’t panic, she got back out into the open, you found her immediately. She’s getting to be an age where it’s not a disaster to lose track of mom for a minute in an area with no hazards.",support,
"She made a great judgement call not wanting to stray too far and get more lost.",support,
"Yep seconding this. She did very good and now she's even thinking about what to do in future situations. But she's gotta learn how to calm her body down now that she is safe and she knows what to do.",advice,
"Sounds like ideal outcome for a lost kiddo scenario. It’s scary and it’s ok to normalize that!",support,
"I love this positive thoughtful encouraging response.",support,
"I teach my kids something I saw on Busy Toddlers Instagram... The kid should stay where they are and get loud... Parents should also get loud... memorize phone number... take a picture of them early in the day.",advice,
"Also teach them your name.",advice,
"My little guy was playing with a group of kids at a party... found one of the bigger kids... Used the situation to remind him of if you're lost find an adult with kids or someone in uniform...",experience,"Contains advice but primary purpose is recounting a personal story"
"I saw a cool video of a lost child being hoisted up onto the shoulders of a tall man...",experience,
"Turn it into a song. My kids learned my mobile number by singing it to the tune of Mary Had A Little Lamb...",advice,
"I still have my mom and dad’s phone numbers memorized and I’m 32.",experience,
"tell her to look for another mom and ask for help. also make her memorize your phone number.",advice,
"This! I have drilled it into my kids heads - if we ever get separated go find another mom...",advice,
"I’m sorry but this is hysterical!",support,
"It's time to move on, kid. We had a good run.",support,
"I had to drill this into my youngest's head... standing in the pouring rain, said 'no thank you'... later went into the nuances...",experience,"Advice present but story is the main point"
"10/10 for the kid. This is a perfect scenario...",support,
"When mine were too young to memorize a phone number reliably I put a piece of masking tape under the bottom hem of their shirt...",advice,
"My parents were volunteers for an emergency service... got name tags made up for us...",experience,
"Know my first and last name, memorize my phone number, find a mom with children.",advice,
"Make your phone number the passcode for their iPad...",advice,
"My child and her friend got lost together... She found a dad and kids, told them my number and he called me.",experience,
"We say parent with kids because I prefer my kids looking for any parent...",advice,
"We've taught our 5 year old to scream 'mom' if she needs help...",advice,
"I worked at Disney. Our protocol was to stay put for a bit...",experience,
"I have taught my son to look for an adult who has kids with them and to say 'I'm lost, can you help me'.",advice,
"Stop moving. Look for someone in uniform or for a mom with kids with her and ask them for help.",advice,
"My recommendation for Disney: start pin trading with your kid.",advice,
"My rule is as soon as you realize we’re separated, don’t move.",advice,
"She did an excellent job. I always told my son to stay put and I will find him.",support,"Borderline support/advice; primary purpose is praising the child"
"I work in the music festival business and our protocol is always to start getting loud and describing the child.",advice,
"I’d do the name and phone number tattoos. Apple Watches with GPS. Mandatory adult assigned to child 1-1...",advice,
"I programmed the password on my kids ipad to be my phone number.",experience,
"Now that's a good tip.",support,
"I was at Disney two days ago and can see how this could happen.",support,
"I read somewhere to start yelling out a description of your child if they are lost in a crowd.",advice,
"We put an AirTag on my kid at Disney.",experience,
"My daughter was three the first time we took her to Disneyland... She had memorized my cell phone number...",experience,
"Start yelling something like 'I'm looking for my 3 year old...'",advice,
"I get loud immediately. Who cares how silly you look or feel?",advice,
"It sounds like things went as well as they could have. 3 minutes is not a long time at all.",support,
"My daughter got separated from me at Disney World as well. She was 9 so a bit older, but she went to a ride entrance to find a cast member. She knew my number so he had her call me.",experience,
"I always told my kid to look for a helper. That could be a cop, security, or an employee of wherever we were.",advice,
"This is terrifying. No judgement here. Children are unpredictable and I couldn’t imagine the type of fear you all went through.",support,
"I teach my kids that stranger danger isn't really a thing. 99% of strangers will help a lost kid if they ask.",advice,
"I told her that if she can't find Mommy to go to the nearest shop and go to the cashier and say 'Help me I can't find my mommy'.",advice,
"If she is too young to remember your phone number, have it written on her arm.",advice,
"This might work better for a slightly older kid, but when my kids and I go somewhere crowded, we make a plan to meet somewhere visible from all around.",advice,
"We teach to 1. Stay where you are. 2. Find a helper close by. 3. If you can’t find a helper, you find a mom with kids.",advice,
"I have a very basic watch for my kid with calling and tracking capabilities. It's called xplora.",experience,
"My kids knew my phone number since they were 3. It’s easy for kids to remember rhymes so I fashioned the number in the form of a rhyme and we’d revise daily.",experience,
"My son at 6 lost us and ended up riding Splash Mountain in the front seat with a cast member after walking the whole line looking for us.",experience,
"We used the tune to Jingle Bells to help my son learn our number after he got lost at an Easter egg hunt.",experience,
"I had temporary tattoos made with my phone number and email. I put it on their wrist when going to crowded places.",experience,
"Teach her your phone number. I always take a pic of the kids every morning so I can easily see what they’re wearing.",advice,
"My kids wear AirTags at Disney. And I tell them if they are lost 'find a mommy'.",advice,
"Do not move. Stand in place and yell 'mom' or my name. If that doesn't work, look for someone who works there OR a mom with a stroller.",advice,
"My kids have never gotten lost in the woods, but we do carry whistles just in case and they know how to use them to signal for help.",experience,
"My daughter got lost in Disneyland at the age of 3. She knows to look for cast members but she also knows to stay put and I will look for her.",experience,
"I would always write 'Please HELP, I'm lost' on a piece of paper along with my husband's and my name and phone number and put it in my kids pants pockets.",advice,
"I got lost when I was her age at some sort of craft fair. I remember hearing announcements with my name but I didn't understand and ultimately my family found me.",experience,
"Growing up my parents always told us that if we got lost in Disneyland to meet at the brass disk on the pavement directly underneath the castle.",experience,
"Tell her to look for a mom! Also for parents as soon as you notice your child is missing IMMEDIATELY start yelling their description.",advice,